site,c_s,a,g,b0,i_max,t_ice,sm,ro,et,sum
Germany,420,8,0.2,0.6,20,-3,0.8916965858503105,0.7458046627517937,0.9005929225695158,2.53809417117162
Spain,210,4,0.8,0.6,20,-3,0.880897533266687,0.7247939651411738,0.8675506158161905,2.4732421142240515
Sweden,210,8,0.2,0.6,200,-3,0.8784645823139648,0.6981367099645551,0.8976203769922072,2.4742216692707273
